lt;71946-food-maggi-lt;Maggi Lithunia;https://maggi.lt/lt/
in;71951-food-maggi-in;Maggi India;http://maggi.in/
me;71956-food-maggi-me;Maggi Mena;http://www.maggiarabia.com/
lk;72506-food-maggi-srilanka;Maggi Sri Lanka;http://www.maggi.lk/
ch;72121-food-maggi-ch;Maggi Switzerland;http://www.maggi.ch/
hu;1547-food-maggi-hu;Maggi Hungary;http://www.maggi.hu/
nl;72510-food-maggi-netherlands;Maggi Netherlands;http://www.maggi.nl/
at;72068-food-maggi-at;Maggi Austria;http://www.maggi.at/
ro;72324-food-maggi-romania;Maggi Romania;http://www.maggi.ro/
vn;71950-food-maggi-vn;Maggi Vietnam;http://www.maggi.com.vn/
za;71968-food-maggi-za;Maggi South Africa;http://www.maggi.co.za/
uk;71958-food-maggi-uk;Maggi UK;http://www.maggi.co.uk/
gr;56159-food-maggi-gr;Maggi Greece;http://www.maggicooking.gr/
rs;72333-food-maggi-serbia;Maggi Serbia;http://www.mojrecept.rs/
it;70910-food-maggi-it;Maggi Italy;http://www.maggitalia.it/
cz;72497-food-maggi-czechrepublic;Maggi Czech Republic;http://www.maggi.cz/
bg;72325-food-maggi-bulgaria;Maggi Bulgaria;http://www.maggi.bg/
ba;72327-food-maggi-bosniaherzegovina;Maggi Bosnia;http://www.maggi.ba/
my;72505--maggi-malaysia;Maggi Malaysia;http://maggi.my/
mk;72331-food-maggi-macedonia;Maggi Macedonia;http://www.maggi.mk/
ci;70481-food-maggi-ci;Maggi Ivoire;https://www.maggi.ci/
hr;72326-food-maggi-croatia;Maggi Croatia;http://www.maggi.hr/
au;71942-food-maggi-au;Maggi Australia;http://www.maggi.com.au/
si;72330-food-maggi-slovenia;Maggi Slovenia;http://www.maggi.si/
nz;71945-food-maggi-nz;Maggi Newzealand;http://www.maggi.co.nz/
id;72100-food-maggi-co-id;Maggi Indonesia;http://www.maggi.id/
th;dig0032979-food-maggi-thailand;Maggi Thailand;http://www.maggi.co.th/
sk;72498--maggi-slovakia;Maggi Slovakia;http://www.maggi.sk/
pl;72078-food-maggi-pl;Maggi Poland;https://www.winiary.pl
bit;73193-food-buitoni-italy;Buitoni Italy;https://www.buitoni.it/
ph;72007-food-maggi-ph;Maggi Phillipines;https://www.maggi.ph/
bch;73197-food-buitoni-switzerland;Buitoni Switzerland;http://www.buitoni.ch
tch;dig0032468-food-thomy-switzerland;Thomy Switzerland ;https://thomy.ch
gh;70551-food-maggi-gh;Maggi Ghana ;http://maggi.com.gh/
sn;70504-food-maggi-sn;Maggi Senegal ;https://www.maggi.sn/
cm;70505-food-maggi-cm;Maggi Cameroon ;https://www.maggi.cm/
bcz;dig0030319-food-buitoni-czechrepublic;Buitoni CzechRepublic;https://www.buitoni.cz/
fr;72022-food-maggi-france;Maggi France;https://www.maggi.fr/
gfr;dig0033920-food-gardengourmet-france;Garden Gourmet;https://www.gardengourmet.fr/
ng;70460-food-maggi-ng;Maggi Nigeria;https://www.maggi.ng/
il;dig0030808-food-bishulim-israel;Maggi  Israel;https://www.bishulim.co.il/
